{
  
        "productos":[{
          
                  "img":"../image/img-koukla/paletaSombras.PNG" ,
                  "id": "1000" ,
                  "nombre": "PALETA DE SOMBRAS",
                  "breveDescripcion": "Sombra de ojos USHAS, 12 tonos y pincel aplicador",
                  "descripcion": "Sombra de ojos USHAS que incluye: 12 tonos y pincel aplicador. Autorizada por el M.S.P.",
                  "precio": 480,
                  "categoria": "sombras"

            },
            { 
                  "img":"../image/img-koukla/removedor-maquillaje.png" ,
                  "id": "1001" ,
                  "nombre": "REMOVEDOR DE MAQUILLAJE",
                  "breveDescripcion": "Remueve hasta los productos mas dificiles, como los productos aprueba de agua",
                  "descripcion": "Removedor de maquillaje USHAS remueve hasta el maquillaje más difícil, como los productos aprueba de agua Hidrata la piel,libre de alcohol, perfecto para pieles sensibles,  Presentacion de 110ml",
                  "precio": 390,
                  "categoria": "cuidado facial"

          },
          {
                  "img":"../image/img-koukla/rimelUshas.PNG" ,
                  "id": "1002" ,
                  "nombre": "Kit Eye Candy",
                  "breveDescripcion": "Contiene: Rimel, Lapiz Delineador, Gel de ceja y aplicador",
                  "descripcion": "Contiene: Rimel, Lapiz Delineador, Gel de ceja y aplicador",
                  "precio": 250,
                  "categoria": "rimel" 

        },
        {
                  "img":"../image/img-koukla/mascara2en1.PNG" ,
                  "id": "1003" ,
                  "nombre": "MASCARA DE PESTAÑAS",
                  "breveDescripcion": "Doble pincel, color negro. Marca: USHAS",
                  "descripcion": "Doble pincel, color negro. Marca: USHAS",
                  "precio": 150,
                  "categoria": "mascara de pestañas"

      },
      {
                  "img":"../image/img-koukla/limpiadorBrocha.jpg" ,
                  "id": "1004" ,
                  "nombre": "LIMPIADOR DE BROCHAS",
                  "breveDescripcion": "Limpiador de brochas de silicona. dos colores",
                  "descripcion": "Limpiador de brochas de silicona, disponible en rosa y verde agua. Muy útil para aquellos que usan maquillaje muy a menudo para limpiar sus pinceles de maquillaje más fácilmente y ya no preocuparse por la acumulación de bacterias. Superficie de lavado - muy adecuado para pinceles de maquillaje. Pequeño el diseño de la alfombra lo hace más duradero, cómodo y fácil de llevar, lo que lo hace ideal para familias y viajes. Fabricado con gel de silicona, no es tóxico y no tiene olor, no daña la piel ni daña sus cepillos",
                  "precio": 160,
                  "categoria": "limpiador de brochas"
      },
      {
                  "img":"../image/img-koukla/rimel-gel-transparene.jpg" ,
                  "id": "1005" ,
                  "nombre": "RIMEL EN GEL",
                  "breveDescripcion": "Rimel en gel incoloro",
                  "descripcion": "Incoloro, ideal para peinar cejas rebeldes y pestañas. duracion: 24hs. viene en dos presentaciones",
                  "precio": 150,
                  "categoria": "rimel"
      
      },  
      {
                  "img":"../image/img-koukla/cosmetiquero-de-acrilico-transparente(2).jpeg" ,
                  "id": "1006" ,
                  "nombre": "ORGANIZADIR DE COSMÉTICOS",
                  "breveDescripcion": "Te permitira mantener tus cosméticos, accesorios y brochas organizados",
                  "descripcion": "El organizador te permitirá mantener tus cosméticos , accesorios y brochas organizadas de forma que sean fáciles de encontrar. Su diseño clásico se verá elegante donde lo necesites. Te ayudara a organizar lo que necesites.",
                  "precio": 990,
                  "categoria": "alhajero"
      
      },  
      {
                  "img":"../image/img-koukla/brochas-mac.PNG" ,
                  "id": "1007" ,
                  "nombre": "Kit de brochas -MAC-",
                  "breveDescripcion": "5 modelos diferentes",
                  "descripcion": "Cinco tipos diferentes, excelente calidad",
                  "precio": 270,
                  "categoria": "brochas"
      
      },  
      {
                  "img":"../image/img-koukla/LimpiadorFacial.jpg" ,
                  "id": "1008" ,
                  "nombre": "LIMPIADOR FACIAL",
                  "breveDescripcion": " exfoliacion suave y limpieza sonica para todo tipo de pieles.",
                  "descripcion": "• Tres colores para elegir: rosado, amarillo, y azul. • Es recargable. • Incluye 2 diferentes estilos de cepillo. • Multiples velocidades de vibración. • Portátil. • Diseño único y elegante. • Incluye cable USB. • Resistente al agua. • Fácil de limpiar. • Medidas: 8cmx8cmx2cm",
                  "precio": 450,
                  "categoria": "cuidado facial"
      
      },  
      {
                  "img":"../image/img-koukla/brochasNaked.PNG" ,
                  "id": "1009" ,
                  "nombre": "Kit brochita Naked",
                  "breveDescripcion": "Caja metalica, 12 brochas. Excelente calidad",
                  "descripcion": "Caja metalica, 12 brochas. Excelente calidad",
                  "precio": 430,
                  "categoria": "brochas"
      
      },  
      {
                  "img":"../image/img-koukla/Sombra-glitter-liquida.jpg" ,
                  "id": "1010" ,
                  "nombre": "SOMBRA LIQUIDA CON GLITTER",
                  "breveDescripcion": "Sombra liquida con glitter super rendidoras y faciles de aplicar",
                  "descripcion": "Sombra liquida con glitter super rendidoras y faciles de aplicar",
                  "precio": 170,
                  "categoria": "sombras"
      
      },  
      {
                  "img":"../image/img-koukla/moldes-delineado-ojos.jpg" ,
                  "id": "1011" ,
                  "nombre": "Moldes para delineado de ojos",
                  "breveDescripcion": "10 diferentes formas de hacerte un delineado😜 en el paquetito te entregamos las formas de usar los gatos para que logres todas las opciones.",
                  "descripcion": "10 diferentes formas de hacerte un delineado😜 en el paquetito te entregamos las formas de usar los gatos para que logres todas las opciones.",
                  "precio": 70,
                  "categoria": "delineador"
      
      },  
      {
                  "img":"../image/img-koukla/esponjasAlgodon.jpg" ,
                  "id": "1012" ,
                  "nombre": "ESPONJITAS DE ALGODON",
                  "breveDescripcion": "",
                  "descripcion": "",
                  "precio": 120,
                  "categoria": "cuidado facial"
      
      },  
      {
                  "img":"../image/img-koukla/labial-brillo(3).jpg" ,
                  "id": "1013" ,
                  "nombre": "Brillo Labial HUDA",
                  "breveDescripcion": "",
                  "descripcion": "",
                  "precio": 70,
                  "categoria": "labiales"
      
      },  
      {
                  "img":"../image/img-koukla/labialMateHuda.PNG" ,
                  "id": "1014" ,
                  "nombre": "Labial matte HUDA",
                  "breveDescripcion": "labiales matte viene en 2 tonos",
                  "descripcion": "labiales matte viene en 2 tonos",
                  "precio": 150,
                  "categoria": "labiales"
      
      },  
      {
                  "img":"../image/img-koukla/baseCremaGotero.jpeg" ,
                  "id": "1015" ,
                  "nombre": "Base en crema con gotero",
                  "breveDescripcion": "base en Crema con gotero. Marca: USHAS",
                  "descripcion": "base en Crema con gotero. Marca: USHAS",
                  "precio": 250,
                  "categoria": "bases"
      
      },  
      {
                  "img":"../image/img-koukla/iluminadorColoresOpacos.PNG" ,
                  "id": "1016" ,
                  "nombre": "Iluminadores 4 tonos",
                  "breveDescripcion": "Iluminadores con 4 tonos en 1. VARIOS MODELOS",
                  "descripcion": "Iluminadores con 4 tonos en 1. VARIOS MODELOS",
                  "precio": 200,
                  "categoria": "iluminador"
      
      },  
      {
                  "img":"../image/img-koukla/alhajero-joyero-en-cuerina-cosmetiquero-espejo-divisiones(lila).jpeg" ,
                  "id": "1017" ,
                  "nombre": "Alhajero y joyero en cuerina",
                  "breveDescripcion": "Alhajero joyero en cuerina. Colores: lila,rojo,rosa,violeta",
                  "descripcion": "Alhajero joyero en cuerina. Colores: lila,rojo,rosa,violeta",
                  "precio": 850,
                  "categoria": "alhajero"
      
      }, 
      {
                  "img":"../image/img-koukla/depilador-vello-facial-recargable(2).png" ,
                  "id": "1018" ,
                  "nombre": "DEPILADORA FACIAL",
                  "breveDescripcion": "Discreto, precisión microscópica,hipoalergénico,no irrita ni quema la piel, con luz",
                  "descripcion": "PRINCIPALES VENTAJAS:🔹 Discreto.🔹 Con precisión microscópica.🔹 Hipoalergénico.🔹 Suave sobre la piel.🔹 Con luz incorporada.🔹 Tecnología alemana de última generación.🔹 No irrita ni quema la piel.🔹 Usa 1 pila AA (no incluida). INCLUYE: 🔹 1x Removedora de vello facial. 🔹1x Cepillo limpiador🔹1x Manual de uso",
                  "precio": 359,
                  "categoria": "cuidado facial"
      
      },
      {
                  "img":"../image/img-koukla/depiladora-de-cejas-electrica.jpeg" ,
                  "id": "1019" ,
                  "nombre": "Depiladora de cejas",
                  "breveDescripcion": "depilación rapida, sin irritación, hipoalergénico.",
                  "descripcion": "No más dolor, en tan solo unos instantes depila tus cejas y vello facial con la  revolucionaria depiladora de cejas eléctrica, de manera instantánea tendrás una apariencia renovadora y sin dolor, para mantener tus cejas impecables. Características: ⚜️No irrita la piel ⚜️Es rápido. ⚜️ Conveniente para retoques fáciles.⚜️La cabeza de precisión es hipoalergénica.⚜️ La puedes usar en cualquier momento y lugar.⚜️Tan solo desliza el botón hacia arriba y listo ",
                  "precio": 359,
                  "categoria": "cuidado facial"
      
      },
      {
                  "img":"../image/img-koukla/monedero-mochilla-con-cierre-y-flecos-con-enganche-llavero.jpeg" ,
                  "id": "1020" ,
                  "nombre": "LLAVEROS",
                  "breveDescripcion": "Porta llave,monedero, colores y diseños varios",
                  "descripcion": "Porta llave,monedero, colores y diseños varios",
                  "precio": 169,
                  "categoria": "alhajero"
      
      },
      {
                  "img":"../image/img-koukla/caja-labial-neon.jpg" ,
                  "id": "1021" ,
                  "nombre": "LABIALES NEON",
                  "breveDescripcion": "VARIOS COLORES",
                  "descripcion": "VARIOS COLORES",
                  "precio": 140,
                  "categoria": "labiales"
      
      },
      {
                  "img":"../image/img-koukla/delineador-cejas-tatoo-3d-larga-duracion-efecto-microblading.jpg" ,
                  "id": "1022" ,
                  "nombre": "Delineador de cejas tatoo 3d larga-duracion-efecto-microblading",
                  "breveDescripcion": "Larga duracion. efecto microblading",
                  "descripcion": "Larga duracion. efecto microblading",
                  "precio": 280,
                  "categoria": "delineadores"
      
      },
      {
                  "img":"../image/img-koukla/mascarillaNegra.PNG" ,
                  "id": "1023" ,
                  "nombre": "Mascarilla Negra",
                  "breveDescripcion": "limpiador y exfoliante pasra la piel.Elimina eficazmente los puntos negros y las manchas oscuras, trata el acné, entre otras impurezas",
                  "descripcion": "La máscara negra Peel Off de carbón actúa como un excelente limpiador y exfoliante para la piel. Elimina eficazmente los puntos negros y las manchas oscuras, trata el acné, entre otras impurezas. Te brindará una piel terza y radiante. El carbón activado penetra profundamente en la piel, limpiando los poros. Es ideal para tensar, hidratar y rejuvenecer la piel.  Presentación de 100ml.",
                  "precio": 360,
                  "categoria": "cuidado facial"
      
      },
      {
                  "img":"../image/img-koukla/fijadorMaquillaje.PNG" ,
                  "id": "1024" ,
                  "nombre": "Fijador de Maquillajes",
                  "breveDescripcion": "Ayuda que tu maquillaje dure por mas tiempo ",
                  "descripcion": "Ayuda a que tu maquillaje dure por más tiempo, dándole una apariencia fresca y radiante, con propiedades naturales. 4 diferentes aromas:🧡Vainilla y Coco 💜Floral 💚Pepino 💗Rosas.Presentación de 120ml",
                  "precio": 259,
                  "categoria": "cuidado facial"
      
      },
      {
                  "img":"../image/img-koukla/kitCejas.PNG" ,
                  "id": "1025" ,
                  "nombre": "KIT PARA CEJAS",
                  "breveDescripcion": "Contiene: lapiz delineador, delineador en gel,pincel aplicador, Dos colores disponibles. Marca: USHAS",
                  "descripcion": "Contiene: lapiz delineador, delineador en gel,pincel aplicador, Dos colores disponibles. Marca: USHAS",
                  "precio": 250,
                  "categoria": "delineadores"
      
      },
      {
                  "img":"../image/img-koukla/esmaltesSemiPermanentes.PNG" ,
                  "id": "1026" ,
                  "nombre": "Esmaltes semi permanentes",
                  "breveDescripcion": "variedad de colores y de excelente calidad",
                  "descripcion": "variedad de colores y de excelente calidad",
                  "precio": 350,
                  "categoria": "esmaltes"
      
      },
      {
                  "img":"../image/img-koukla/limpiadorFacial-conFormaPulpo.jpg" ,
                  "id": "1027" ,
                  "nombre": "Limpiador facial con forma de pulpo🐙",
                  "breveDescripcion": "rapido,eficaz y de facil uso",
                  "descripcion": "MODO DE USO: Para usar adecuadamente tu cepillo facial, necesitas mojarlo un poco antes de empezar. En la parte de enmedio del ceipillo facial coloca el jabon facial de tu preferencia, justo dentro de la esponja interna. Trata de darule un rudoi masaje al cepillo para que la esponja que esta dentro, el jabon y el agua hagan su trabajo y nos traigan la maravilla de la limpieza: la espuma. Frota la espuma sobre tu cara con las pequeñas cerdas del cepillo para lipiarla. Al finalizar, trata de limpiar muy bien la esponja que esta adentro del cepillo, porque de lo contrario pueden crearse hongos. Cambiala minimo cada 3 meses. Tamaño: 5cm x 5.3cm x4cm aprox",
                  "precio": 200,
                  "categoria": "cuidado facial"
      
      },
      {
                  "img":"../image/img-koukla/delineador-liquido-enFibra.jpg" ,
                  "id": "1028" ,
                  "nombre": "Delineador liquido en fibra",
                  "breveDescripcion": "",
                  "descripcion": "",
                  "precio": 150,
                  "categoria": "delineadores"
      
      },
      {
                  "img":"../image/img-koukla/labial-holografico.PNG" ,
                  "id": "1029" ,
                  "nombre": "Labial Holográgico",
                  "breveDescripcion": "usalo solos o sobre el labial que prefieras",
                  "descripcion": "usalo solos o sobre el labial que prefieras",
                  "precio": 180,
                  "categoria": "labiales"
      
      },
      {
                  "img":"../image/img-koukla/labiales-mate-usha(2).jpg" ,
                  "id": "1030" ,
                  "nombre": "Labiales matte USHAS",
                  "breveDescripcion": "varios colores",
                  "descripcion": "varios colores",
                  "precio": 120,
                  "categoria": "labiales"
      
      },
      {
                  "img":"../image/img-koukla/labiales-mate-ushas.jpg" ,
                  "id": "1031" ,
                  "nombre": "Labiales matte USHAS",
                  "breveDescripcion": "varios colores",
                  "descripcion": "varios colores",
                  "precio": 120,
                  "categoria": "labiales"
      
      },
      {
                  "img":"../image/img-koukla/labialesMate.png" ,
                  "id": "1032" ,
                  "nombre": "Labiales matte 3D USHAS",
                  "breveDescripcion": "varios colores",
                  "descripcion": "varios colores",
                  "precio": 120,
                  "categoria": "labiales"
      
      },
      {
                  "img":"../image/img-koukla/contornosUSHAS.jpeg" ,
                  "id": "1033" ,
                  "nombre": "Set de contronos USHAS",
                  "breveDescripcion": "",
                  "descripcion": "",
                  "precio": 380,
                  "categoria": "contornos"
      
      },
      {
                  "img":"../image/img-koukla/trio-iuminadores.jpg" ,
                  "id": "1034" ,
                  "nombre": "TRIO DE ILUMUNADORES",
                  "breveDescripcion": "Marca: USHAS",
                  "descripcion": "Marca: USHAS",
                  "precio": 250,
                  "categoria": "iluminadores"
      
      },
      {
                  "img":"../image/img-koukla/ushas_sombra.PNG" ,
                  "id": "1035" ,
                  "nombre": "SOMBRA PARA CEJAS",
                  "breveDescripcion": "Marca: USHAS",
                  "descripcion": "Marca: USHAS",
                  "precio": 190,
                  "categoria": "sombras"
      
      },
      {
                  "img":"../image/img-koukla/triodeSombrasUshas.PNG" ,
                  "id": "1036" ,
                  "nombre": "SOMBRA DE OJOS",
                  "breveDescripcion": "Marca: USHAS",
                  "descripcion": " Marca: USHAS",
                  "precio": 140,
                  "categoria": "sombras"
      
      },
      {
                  "img":"../image/img-koukla/SombraOjos.PNG" ,
                  "id": "1037" ,
                  "nombre": "SOMBRA DE OJOS",
                  "breveDescripcion": "Marca: USHAS",
                  "descripcion": "Marca: USHAS",
                  "precio": 250,
                  "categoria": "sombras"
      
      },
      {
                  "img":"../image/img-koukla/sombraCejas.PNG" ,
                  "id": "1038" ,
                  "nombre": "SOMBRA DE CEJAS",
                  "breveDescripcion": "Marca: USHAS",
                  "descripcion": "Marca: USHAS",
                  "precio": 190,
                  "categoria": "sombras"
      
      },
      {
                  "img":"../image/img-koukla/iluminador-8colClaros-ushas.PNG" ,
                  "id": "1039" ,
                  "nombre": "Paleta iluminador y contornos",
                  "breveDescripcion": "Marca: USHAS",
                  "descripcion": "Marca: USHAS",
                  "precio": 250,
                  "categoria": "iluminadores"
      
      }, 
      {
                  "img":"../image/img-koukla/circuloPolvos.PNG" ,
                  "id": "1040" ,
                  "nombre": "Sombras",
                  "breveDescripcion": "Marca: USHAS",
                  "descripcion": "Marca: USHAS",
                  "precio": 220,
                  "categoria": "sombras"
      
      },

      {
                  "img":"../image/img-koukla/labial-liquido-gloss-con-brillo-ushas-varios-tonos.jpg" ,
                  "id": "1041" ,
                  "nombre": "LABIAL LIQUIDO PINK",
                  "breveDescripcion": "Marca: USHAS",
                  "descripcion": "Marca: USHAS",
                  "precio": 140,
                  "categoria": "labiales"
            
      
           
            

      }],
        "novedades":[{

            "img":"../image/img-koukla/rimel-gel-transparene" ,
            "id": "1005" ,
            "nombre": "RIMEL EN GEL",
            "breveDescripcion": "Rimel en gel incoloro",
            "descripcion": "Rimel en gel, Incoloro, ideal para peinar las cejas rebeldes y pestañas, 24hs de duracion. 2 presentaciones",
            "precio": 150,
            "categoria": "rimel"
      }]
      
    
    }
    

